A,B
1,hello
2,hello
3,hello
4,hello
5,hello
6,hello
7,hello
8,hello
9,hello
10,hello
11,hello
12,hello
13,hello
14,hello
15,hello
16,hello
17,hello
18,hello
19,hello
20,hello
21,hello
22,hello
23,hello
24,hello
25,hello
26,hello
27,hello
28,hello
29,hello
30,hello
31,hello
32,hello
33,hello
34,hello
35,hello
36,hello
37,hello
38,hello
39,hello
40,hello
41,hello
42,hello
43,hello
44,hello
45,hello
46,hello
47,hello
48,hello
49,hello
50,hello
51,hello
52,hello
53,hello
54,hello
55,hello
56,hello
57,hello
58,hello
59,hello
60,hello
61,hello
62,hello
63,hello
64,hello
65,hello
66,hello
67,hello
68,hello
69,hello
70,hello
71,hello
72,hello
73,hello
74,hello
75,hello
76,hello
77,hello
78,hello
79,hello
80,hello
81,hello
82,hello
83,hello
84,hello
85,hello
86,hello
87,hello
88,hello
89,hello
90,hello
91,hello
92,hello
93,hello
94,hello
95,hello
96,hello
97,hello
98,hello
99,hello
100,hello
101,hello
102,hello
103,hello
104,hello
105,hello
106,hello
107,hello
108,hello
109,hello
110,hello
111,hello
112,hello
113,hello
114,hello
115,hello
116,hello
117,hello
118,hello
119,hello
120,hello
121,hello
122,hello
123,hello
124,hello
125,hello
126,hello
127,hello
128,hello
129,hello
130,hello
131,hello
132,hello
133,hello
134,hello
135,hello
136
137,hello
138,hello
139,hello
140,hello
141,hello
142,hello
143,hello
144,hello
145,hello
146,hello
147,hello
148,hello
149,hello
150,hello
151,hello
152,hello
153,hello
154,hello
155,hello
156,hello
157,hello
158,hello
159,hello
160,hello
161,hello
162,hello
163,hello
164,hello
165,hello
166,hello
167,hello
168,hello
169,hello
170,hello
171,hello
172,hello
173,hello
174,hello
175,hello
176,hello
177,hello
178,hello
179,hello
180,hello
181,hello
182,hello
183,hello
184,hello
185,hello
186,hello
187,hello
188,hello
189,hello
190,hello
191,hello
192,hello
193,hello
194,hello
195,hello
196,hello
197,hello
198,hello
199,hello
200,hello
